<?xml version="1.0" encoding="utf-8"?>
<!-- Copyright 2016 Eficent Business and IT Consulting Services S.L.
     License LGPL-3.0 or later (http://www.gnu.org/licenses/lgpl-3.0) -->
<odoo>
<data noupdate="0">

    <record model="ir.module.category" id="module_category_sprogroup_purchase_request">
        <field name="name">Sprogroup Purchase Request</field>
        <field name="parent_id" ref="base.module_category_purchase_management"/>
        <field name="sequence">10</field>
    </record>

    <record id="group_sprogroup_purchase_request_user" model="res.groups">
        <field name="name">Sprogroup Purchase Request User</field>
        <field name="implied_ids" eval="[(4, ref('base.group_user'))]"/>
        <field name="category_id" ref="module_category_sprogroup_purchase_request"/>
    </record>

    <record id="group_sprogroup_purchase_request_manager" model="res.groups">
        <field name="name">Sprogroup Purchase Request Manager</field>
        <field name="implied_ids" eval="[(4, ref('sprogroup_purchase_request.group_sprogroup_purchase_request_user'))]"/>
        <field name="category_id" ref="module_category_sprogroup_purchase_request"/>
    </record>

</data>
<data noupdate="0">

</data>
</odoo>
